algo,size,time/ns
single_thread,100,953.674316
single_thread,1000,4053.115845
single_thread,10000,70810.31799
single_thread,100000,391006.4697
single_thread,1000000,3548860.55
naïve,100,125885.0098
naïve,1000,142097.4731
naïve,10000,143051.1475
naïve,100000,135898.5901
naïve,1000000,149011.6119
recursive_doubling,100,147104.2633
recursive_doubling,1000,131130.2185
recursive_doubling,10000,130176.5442
recursive_doubling,100000,157833.0994
recursive_doubling,1000000,174045.5627
